ticker,sector,market_cap,gross_margin,roe,debt_to_equity,fcf
MMM,Industrials,80986398720.0,0.4111,0.9476,316.755,638000000.0
AOS,Industrials,9953433600.0,0.38201,0.27603,18.035,473800000.0
ABT,Healthcare,219828781056.0,0.56172,,27.087,6351000000.0
ABBV,Healthcare,336110419968.0,0.71015,0.884,4789.603,17832000000.0
ACN,Technology,172555190272.0,0.32069,0.26928,25.881,8614518000.0
ADBE,Technology,156729180160.0,0.89248,0.52254003,57.486,7873000000.0
AMD,Technology,281572343808.0,0.53578,0.03904,8.174,2405000000.0
AES,Utilities,9618079744.0,0.17954999,0.05583,361.561,-4640000000.0
AFL,Financial Services,54540263424.0,0.45408002,0.14408,42.513,2707000000.0
A,Healthcare,33957130240.0,0.53576,0.18882999,60.039,1373000000.0
APD,Basic Materials,65775104000.0,0.31947002,0.095790006,98.527,-3150000000.0
ABNB,Consumer Cyclical,87743004672.0,0.83048,0.3206,28.726,4518000000.0
AKAM,Technology,11345602560.0,0.59073,0.09821,100.746,833904000.0
ALB,Basic Materials,8797512704.0,0.039300002,-0.09992,35.757,-983722000.0
ARE,Real Estate,13507445760.0,0.70157,0.00784,62.825,1504524000.0
ALGN,Healthcare,15018126336.0,0.70022005,0.108430006,3.124,622651000.0
ALLE,Industrials,14050495488.0,0.44827998,0.38994,124.847,582900000.0
LNT,Utilities,16396395520.0,0.46493,0.10712,149.852,1167000000.0
ALL,Financial Services,50845057024.0,0.22642,0.19723,36.672,8721000000.0
GOOGL,Communication Services,2333934878720.0,0.58943003,0.34829,11.481,72764000000.0
GOOG,Communication Services,2333244653568.0,0.58943003,0.34829,11.481,72764000000.0
MO,Consumer Defensive,100797579264.0,0.70849,,,8611000000.0
AMZN,Consumer Cyclical,2471391657984.0,0.49158,0.2524,51.641,32878000000.0
AMCR,Consumer Cyclical,22065604608.0,0.20004,0.20796,241.41,829000000.0
AEE,Utilities,26655731712.0,0.49065,0.10159001,158.916,-1647000000.0
AEP,Utilities,57666351104.0,0.47134,0.10421,171.503,-966300000.0
AXP,Financial Services,216843993088.0,0.64247,0.32808,187.933,12139000000.0
AIG,Financial Services,45662625792.0,0.32013,0.057439998,21.112,3273000000.0
AMT,Real Estate,104961220608.0,0.74551004,0.28421,446.681,3700500000.0
AWK,Utilities,27050115072.0,0.60332,0.10428,137.735,-963000000.0
AMP,Financial Services,48941682688.0,0.56463003,0.58239,53.93,6419000000.0
AME,Industrials,41290399744.0,0.35762,0.14964,21.761,1701773000.0
AMGN,Healthcare,162005434368.0,0.69068,1.0567299,924.456,10394000000.0
APH,Technology,129064312832.0,0.35237,0.31049,69.505,2149300000.0
ADI,Technology,114519154688.0,0.58757997,0.05213,20.62,3122066000.0
AON,Financial Services,79716409344.0,0.46574003,0.37410998,224.725,2817000000.0
APA,Energy,7061736448.0,0.67294,0.26176,84.961,709000000.0
APO,Financial Services,84981161984.0,0.44241002,0.18686001,90.49,3253000000.0
AAPL,Technology,3197008084992.0,0.46632,1.38015,146.994,108807000000.0
AMAT,Technology,152691294208.0,0.48136002,0.36372003,35.177,7487000000.0
APTV,Consumer Cyclical,15439245312.0,0.19249001,0.15237,91.193,1616000000.0
ACGL,Financial Services,33311928320.0,0.33915,0.18415001,12.662,6622000000.0
ADM,Consumer Defensive,26309439488.0,0.06319,0.05888,55.504,1227000000.0
ANET,Technology,147633405952.0,0.64088994,0.33681,,3676203000.0
AJG,Financial Services,79151095808.0,0.43662,0.092980005,60.048,2441000000.0
AIZ,Financial Services,9372320768.0,0.09984,0.13204001,39.809,1111400000.0
T,Communication Services,197350752256.0,0.59666,0.11529,123.191,18508000000.0
ATO,Utilities,24568905728.0,0.58158,0.09186,64.747,-1203378000.0
ADSK,Technology,65139830784.0,0.91996,0.42361,97.211,1505000000.0
ADP,Technology,124573720576.0,0.48341,0.76289004,74.577,3594200000.0
AZO,Consumer Cyclical,63511515136.0,0.52948004,,,1931420000.0
AVB,Real Estate,28298487808.0,0.63643,0.096920006,71.138,1409852000.0
AVY,Consumer Cyclical,13630697472.0,0.2857,0.3168,161.255,699000000.0
AXON,Industrials,57320763392.0,0.60599,0.15166001,80.08,329527000.0
BKR,Energy,45892665344.0,0.21424,0.18363,33.77,2054000000.0
BALL,Consumer Cyclical,16278887424.0,0.20419,0.08219,126.809,-369000000.0
BAC,Financial Services,358671089664.0,0.0,0.0946,,-8805000000.0
BAX,Healthcare,14635751424.0,0.39216,-0.03506,146.144,559000000.0
BDX,Healthcare,52431888384.0,0.46322,0.058870003,76.344,3072000000.0
BRK.B,,,,,,
BBY,Consumer Cyclical,14327214080.0,0.22607,0.30214,146.906,1392000000.0
TECH,Healthcare,9178707968.0,0.66321,0.0653,20.986,236104000.0
BIIB,Healthcare,18943139840.0,0.75651,0.09191,38.997,2515700000.0
BLK,Financial Services,173038534656.0,0.4902,0.14134,28.41,4701000000.0
BX,Financial Services,219088896000.0,1.0,0.2882,61.33,3420253000.0
XYZ,Technology,49656659968.0,0.38224,0.12793,28.201,1553403000.0
BK,Financial Services,70968401920.0,0.0,0.116809994,,-782000000.0
BA,Industrials,178254561280.0,-0.01791,,,-14398000000.0
BKNG,Consumer Cyclical,184788221952.0,0.86627,,,7894000000.0
BSX,Healthcare,156584984576.0,0.68693,,52.163,2365000000.0
BMY,Healthcare,98559016960.0,0.74689,0.31986,293.85,13942000000.0
AVGO,Technology,1384231206912.0,0.77033997,0.18977,166.032,19414000000.0
BR,Technology,29655883776.0,0.31312,0.33918,152.819,943200000.0
BRO,Financial Services,33832628224.0,0.49424,0.16519,59.026,1092000000.0
BF.B,,,,,,
BLDR,Industrials,14989150208.0,0.32154998,0.19621,116.805,1492123000.0
BG,Consumer Defensive,15341302784.0,0.05953,0.09861,66.083,524000000.0
BXP,Real Estate,12301313024.0,0.60468,0.008,209.428,1234501000.0
CHRW,Industrials,12050009088.0,0.07902,0.3211,99.658,434796000.0
CDNS,Technology,91130494976.0,0.85856,0.25921,51.864,1118009000.0
CZR,Consumer Cyclical,6118418432.0,0.51713,-0.03767,606.801,-236000000.0
CPT,Real Estate,11990428672.0,0.61534,0.025999999,79.752,381142000.0
CPB,Consumer Defensive,9611711488.0,0.30621,0.1166,187.629,668000000.0
COF,Financial Services,136968110080.0,0.0,0.00013,,16955000000.0
CAH,Healthcare,37312372736.0,0.03531,,,3251000000.0
KMX,Consumer Cyclical,9043338240.0,0.12472,0.08969,309.961,156500000.0
CCL,Consumer Cyclical,40310308864.0,0.54701,0.30021998,286.33,1297000000.0
CARR,Industrials,68396908544.0,0.26773,0.11125,81.85,44000000.0
CAT,Industrials,203999166464.0,0.31844,0.55646,213.547,8820000000.0
CBOE,Financial Services,25292378112.0,0.49293,0.19018,36.019,1039700000.0
CBRE,Real Estate,43690266624.0,0.19610001,0.11921,100.422,1401000000.0
CDW,Technology,23937699840.0,0.21858999,0.48707,272.795,1154700000.0
COR,Healthcare,55472148480.0,0.03295,1.4178,827.73,2997512000.0
CNC,Healthcare,13191832576.0,0.12684,0.07442,63.909,-490000000.0
CNP,Utilities,24351864832.0,0.442,0.08759,196.188,-2374000000.0
CF,Basic Materials,14990785536.0,0.36205003,0.20794001,45.169,1750000000.0
CRL,Healthcare,8791219200.0,0.34686002,-0.00671,92.213,501610000.0
SCHW,Financial Services,177899536384.0,0.97193,,110.198,2050000000.0
CHTR,Communication Services,40740999168.0,0.55174,0.32652,472.717,3161000000.0
CVX,Energy,317753163776.0,0.38939,0.10079,19.777,15044000000.0
CMG,Consumer Cyclical,60151877632.0,0.40165,0.42593,135.497,1511473000.0
CB,Financial Services,106039836672.0,0.27835,0.13627,23.288,16182000000.0
CHD,Consumer Defensive,23563782144.0,0.45507,0.13354999,52.837,976400000.0
CI,Healthcare,78109949952.0,0.102539994,0.13206,75.34,8957000000.0
CINF,Financial Services,22992318464.0,0.17898001,0.10974,6.4,2627000000.0
CTAS,Industrials,88801681408.0,0.50039,0.40269002,56.665,1670312000.0
CSCO,Technology,268963184640.0,0.65245,0.21356001,66.932,10210000000.0
C,Financial Services,176855400448.0,0.0,0.06759,,-26169000000.0
CFG,Financial Services,21348495360.0,0.0,0.064840004,,1879000000.0
CLX,Consumer Defensive,15682711552.0,0.45078,3.18652,1549.474,483000000.0
CME,Financial Services,98787360768.0,1.0,0.13612,13.603,3596500000.0
CMS,Utilities,21339504640.0,0.42615002,0.11234,190.138,-808000000.0
KO,Consumer Defensive,293036851200.0,0.61425,0.42369998,166.367,4741000000.0
CTSH,Technology,37177683968.0,0.34254003,0.16605,7.913,1827000000.0
COIN,Financial Services,96657997824.0,0.85248,0.15841,43.892,2556844000.0
CL,Consumer Defensive,70077014016.0,0.60806,4.51259,1128.104,3546000000.0
CMCSA,Communication Services,125190963200.0,0.70364,0.18049,113.542,12543000000.0
CAG,Consumer Defensive,9166906368.0,0.25955,0.13214,93.036,1302600000.0
COP,Energy,122479009792.0,0.49047002,0.1666,36.457,8006000000.0
ED,Utilities,36382691328.0,0.53347,0.08331,110.23,-1157000000.0
STZ,Consumer Defensive,30433003520.0,0.51665,-0.0442,153.569,1938100000.0
CEG,Utilities,103007633408.0,0.23108,0.23974001,62.682,-5029000000.0
COO,Healthcare,14546493440.0,0.67197996,0.05148,31.194,288100000.0
CPRT,Industrials,44556410880.0,0.4653,0.18441999,1.148,961574000.0
GLW,Technology,47457054720.0,0.3463,0.048660003,73.266,974000000.0
CPAY,Technology,23506728960.0,0.78158,0.30040002,235.922,1765389000.0
CTVA,Basic Materials,49389109248.0,0.44627,0.04659,16.647,1548000000.0
CSGP,Real Estate,39551963136.0,0.79331,0.01303,12.947,-245300000.0
COST,Consumer Defensive,414203084800.0,0.12776,0.3208,30.813,6629000000.0
CTRA,Energy,18173243392.0,0.74423,0.09404001,31.773,1024000000.0
CRWD,Technology,117689917440.0,0.74477,-0.05738,22.498,1067906000.0
CCI,Real Estate,47377940480.0,0.71475,-1.83279,,1721000000.0
CSX,Industrials,66573438976.0,0.46881,0.24819,159.506,2718000000.0
CMI,Industrials,51065782272.0,0.25581,0.26187,67.789,279000000.0
CVS,Healthcare,75445796864.0,0.13542,0.06934,105.321,6326000000.0
DHR,Healthcare,145315594240.0,0.59718,0.06676,35.45,5296000000.0
DRI,Consumer Cyclical,23770775552.0,0.21882,0.46159,338.057,1026600000.0
DDOG,Technology,52068872192.0,0.80151004,0.06476,64.364,775103000.0
DVA,Healthcare,10982093824.0,0.32458,0.54794,742.203,1466595000.0
DAY,Technology,9426583552.0,0.50345004,0.01031,47.498,171500000.0
DECK,Consumer Cyclical,16795112448.0,0.57633,0.43578997,12.647,958352000.0
DE,Industrials,138270720000.0,0.28215,0.23912,275.281,4429000000.0
DELL,Technology,90540498944.0,0.22225,,,1869000000.0
DAL,Industrials,36310437888.0,0.21190001,0.30074,128.326,2885000000.0
DVN,Energy,21889187840.0,0.52443004,0.20963,60.969,-853000000.0
DXCM,Healthcare,35105341440.0,0.59433,0.23716,113.968,630700000.0
FANG,Energy,43977129984.0,0.7546,0.14668,33.594,-5374000000.0
DLR,Real Estate,60925812736.0,0.54552,0.05835,79.44,2261477000.0
DG,Consumer Defensive,23285712896.0,0.29797,0.15695,220.908,1686176000.0
DLTR,Consumer Defensive,24089780224.0,0.35831,0.19404,202.505,1562000000.0
D,Utilities,49461874688.0,0.48708,0.07719,145.196,-7180000000.0
DPZ,Consumer Cyclical,16102642688.0,0.28506002,,,512012000.0
DASH,Consumer Cyclical,104427470848.0,0.50245,0.04336,6.278,1802000000.0
DOV,Industrials,25360189440.0,0.39672002,0.16722,41.245,580846000.0
DOW,Basic Materials,18224379904.0,0.07972,-0.04739,97.386,-151000000.0
DHI,Consumer Cyclical,43585728512.0,0.2358,0.16098,29.937,2024500000.0
DTE,Utilities,28502323200.0,0.32876998,0.13295999,196.504,-824000000.0
DUK,Utilities,91405426688.0,0.51612,0.09478,168.902,48000000.0
DD,Basic Materials,31412535296.0,0.37058,0.00199,32.577,1421000000.0
EMN,Basic Materials,8856936448.0,0.24909,0.16032,86.003,688000000.0
ETN,Industrials,153686999040.0,0.38448003,0.20812,58.004,3519000000.0
EBAY,Consumer Cyclical,36406677504.0,0.71848,0.36479,145.01,1956000000.0
ECL,Basic Materials,76545671168.0,0.43745,0.24774,103.915,1819400000.0
EIX,Utilities,20111613952.0,0.52954,0.15001,210.459,-693000000.0
EW,Healthcare,46042230784.0,0.78873,,6.863,259900000.0
EA,Communication Services,38190833664.0,0.79324996,0.16131,34.732,1858000000.0
ELV,Healthcare,64396406784.0,0.26835,0.124180004,68.838,4552000000.0
EMR,Industrials,84082491392.0,0.52769,0.08335,77.857,2913000000.0
ENPH,Technology,4569747456.0,0.32768002,0.19795,140.21,480089000.0
ETR,Utilities,38688317440.0,0.49988997,0.08853,199.493,-1481200000.0
EOG,Energy,66394988544.0,0.61821,0.20899999,17.15,5771000000.0
EPAM,Technology,9594700800.0,0.30247998,0.11568,4.341,527022000.0
EQT,Energy,32394799104.0,0.74741,0.06473,33.13,573264000.0
EFX,Industrials,29684316160.0,0.56657004,0.12761,93.548,813000000.0
EQIX,Real Estate,77631111168.0,0.49398997,0.07059,141.235,183000000.0
EQR,Real Estate,25928366080.0,0.63221,0.08901,70.333,1254918000.0
ERIE,Financial Services,18489708544.0,0.1765,0.3238,0.615,486404000.0
ESS,Real Estate,19552083968.0,0.68777,0.12810999,118.416,931910000.0
EL,Consumer Defensive,33284253696.0,0.73928,-0.15976,215.926,1441000000.0
EG,Financial Services,14093873152.0,0.065910004,0.06122,25.368,4957000000.0
EVRG,Utilities,15729021952.0,0.522,0.09047,144.484,-352900000.0
ES,Utilities,23946153984.0,0.53669,0.05617,189.941,-2320792000.0
EXC,Utilities,43824128000.0,0.41723,0.10099,174.861,-1528000000.0
EXE,Energy,23352879104.0,0.41367,-0.07096,30.912,8000000.0
EXPE,Consumer Cyclical,23791966208.0,0.89542997,0.52188,278.63,2329000000.0
EXPD,Industrials,15798321152.0,0.13369,0.37695,25.721,682895000.0
EXR,Real Estate,32860303360.0,0.75918,0.063930005,89.649,1866916000.0
XOM,Energy,480266321920.0,0.30786,0.14302,13.918,30716000000.0
FFIV,Technology,17323094016.0,0.80896,0.19892,8.051,762007000.0
FDS,Financial Services,15657309184.0,0.53332,0.26346,75.191,614657000.0
FICO,Technology,36846759936.0,0.80831003,,,607413000.0
FAST,Industrials,53709553664.0,0.45064998,0.32564998,14.319,946800000.0
FRT,Real Estate,8095220224.0,0.67888,0.094469994,133.513,327803000.0
FDX,Industrials,57184280576.0,0.27264,0.14705,,2981000000.0
FIS,Technology,42993074176.0,0.37033,0.05246,80.216,1358000000.0
FITB,Financial Services,28397705216.0,0.0,0.11569,,2410000000.0
FSLR,Technology,19687854080.0,0.43608,0.16766001,7.7,-308077000.0
FE,Utilities,23900028928.0,0.6942,0.09274,178.805,-1139000000.0
FI,Technology,76070412288.0,0.61136,0.12457,115.305,5062000000.0
F,Consumer Cyclical,44855480320.0,0.08067001,0.11497,353.298,6739000000.0
FTNT,Technology,80276824064.0,0.81342006,2.05906,54.842,1879200000.0
FTV,Technology,17422350336.0,0.59981,0.07695,39.337,1406400000.0
FOXA,Communication Services,24291706880.0,0.34535998,0.16621,68.321,1495000000.0
FOX,Communication Services,24314292224.0,0.34535998,0.16621,68.321,1495000000.0
BEN,Financial Services,12964602880.0,0.37884,0.02799,24.117,794200000.0
FCX,Basic Materials,62846099456.0,0.38916,0.14645,30.841,2352000000.0
GRMN,Technology,45508988928.0,0.58585,0.19036,2.181,1238900000.0
IT,Technology,27128522752.0,0.67787004,1.13185,192.54,1383185000.0
GE,Industrials,286965661696.0,0.319,0.39567003,103.37,3678000000.0
GEHC,Healthcare,35595976704.0,0.42001998,0.26444,97.515,1550000000.0
GEV,Industrials,176308584448.0,0.18468,0.11412,10.646,1700000000.0
GEN,Technology,18929420288.0,0.8028,0.29167998,366.461,1206000000.0
GNRC,Industrials,9184826368.0,0.39581,0.13798,57.434,604568000.0
GD,Industrials,84221706240.0,0.15402001,0.17915002,45.034,3196000000.0
GIS,Consumer Defensive,27040036864.0,0.34602,0.24590999,166.066,2292900000.0
GM,Consumer Cyclical,50888568832.0,0.109689996,0.06955,200.191,-5980000000.0
GPC,Consumer Cyclical,18508974080.0,0.3688,0.17443001,136.085,683912000.0
GILD,Healthcare,144545021952.0,0.78288,0.32654998,130.789,10305000000.0
GPN,Industrials,20659075072.0,0.62867,0.07102,73.574,2857766000.0
GL,Financial Services,11073954816.0,0.32554,,58.407,1331395000.0
GDDY,Technology,23658706944.0,0.63984,2.45696,1945.769,1261100000.0
GS,Financial Services,222045487104.0,0.82781,0.12762,532.258,-15303000000.0
HAL,Energy,19473428480.0,0.17063999,0.18229,81.17,2423000000.0
HIG,Financial Services,34444648448.0,0.34658,0.18495001,25.92,5764000000.0
HAS,Consumer Cyclical,10691842048.0,0.63931,-0.77416,1231.331,649900000.0
HCA,Healthcare,81925070848.0,0.40890998,136.31683,,5639000000.0
DOC,Real Estate,12230521856.0,0.60089,0.02138,109.007,1070497000.0
HSIC,Healthcare,8807852032.0,0.31605,0.084680006,68.32,661000000.0
HSY,Consumer Defensive,37392592896.0,0.42560002,0.37483,134.279,1925654000.0
HPE,Technology,27399153664.0,0.30336002,0.06373,73.382,1974000000.0
HLT,Consumer Cyclical,63636443136.0,0.77087,,,1815000000.0
HOLX,Healthcare,14638688256.0,0.61013,0.11766,54.799,1145000000.0
HD,Consumer Cyclical,375316709376.0,0.33344,2.9951901,778.781,16325000000.0
HON,Industrials,142902624256.0,0.38077,0.33602002,226.06,4933000000.0
HRL,Consumer Defensive,15699501056.0,0.16558,0.09373,35.538,1010297000.0
HST,Real Estate,11531036672.0,0.29127002,0.09996,83.171,950000000.0
HWM,Industrials,75959328768.0,0.31941998,0.28295,72.684,977000000.0
HPQ,Technology,24280207360.0,0.21154,,,3157000000.0
HUBB,Industrials,23393744896.0,0.34213,0.25917,61.442,810800000.0
HUM,Healthcare,27942844416.0,0.15123,0.10099,77.075,2391000000.0
HBAN,Financial Services,24392409088.0,0.0,0.10505,,1672000000.0
HII,Industrials,10299871232.0,0.12814,0.12271,71.36,26000000.0
IBM,Technology,245185101824.0,0.5757,0.22665001,245.465,11760000000.0
IEX,Industrials,13932690432.0,0.44592997,0.12724,50.344,603000000.0
IDXX,Healthcare,45559009280.0,0.61275,0.59330004,73.159,798079000.0
ITW,Industrials,76278104064.0,0.43707,1.07584,254.874,2844000000.0
INCY,Healthcare,13580871680.0,0.37054002,0.0046900003,1.176,235174000.0
IR,Industrials,35613659136.0,0.43797,0.081099994,46.107,1247600000.0
PODD,Healthcare,20568469504.0,0.70394,0.37917998,131.405,296300000.0
INTC,Technology,90516357120.0,0.31419,-0.18616,47.997,-15656000000.0
ICE,Financial Services,104853086208.0,1.0,0.10421,73.534,3857000000.0
IFF,Basic Materials,19243081728.0,0.36183,-0.060349997,75.009,602000000.0
IP,Consumer Cyclical,29298561024.0,0.28988,0.03006,57.086,757000000.0
IPG,Communication Services,9347107840.0,0.236,0.11933,110.56,913400000.0
INTU,Technology,222803345408.0,0.80263,0.17839001,,4634000000.0
ISRG,Healthcare,177069719552.0,0.66612,0.1604,,1303800000.0
IVZ,Financial Services,9669279744.0,0.28087,0.03848,12.594,1120900000.0
INVH,Real Estate,19559204864.0,0.58558,0.048070002,83.399,862411000.0
IQV,Healthcare,33619200000.0,0.34248,0.19792,272.122,2114000000.0
IRM,Real Estate,28914311168.0,0.56054,,,-657242000.0
JBHT,Industrials,14364047360.0,0.18792,0.14328,55.748,617783000.0
JBL,Technology,24124237824.0,0.08859,0.32388002,265.268,932000000.0
JKHY,Technology,12770470912.0,0.42058998,0.22494,10.972,335618000.0
J,Industrials,17215950848.0,0.25028,0.06804,66.356,933559000.0
JNJ,Healthcare,400314269696.0,0.68412,0.30212,64.686,18059000000.0
JCI,Industrials,73385394176.0,0.36012,0.13137001,65.788,1604000000.0
JPM,Financial Services,820171505664.0,0.0,0.16211,,-42012000000.0
K,Consumer Defensive,27682263040.0,0.36668998,0.38149,155.528,1132000000.0
KVUE,Consumer Defensive,42929188864.0,0.58241004,0.10216,88.043,1335000000.0
KDP,Consumer Defensive,44787765248.0,0.54934,0.06181,74.745,1597000000.0
KEY,Financial Services,20513579008.0,0.0,0.0101499995,,599000000.0
KEYS,Technology,28673359872.0,0.61882997,0.14297,50.484,898000000.0
KMB,Consumer Defensive,42094178304.0,0.36451998,2.0706,595.098,2513000000.0
KIM,Real Estate,14578488320.0,0.68698996,0.05208,75.54,1005621000.0
KMI,Energy,60462796800.0,0.49997002,0.08875,102.275,3006000000.0
KKR,Financial Services,140770689024.0,0.60527,0.07145,74.627,6508342000.0
KLAC,Technology,122078281728.0,0.60562,1.04097,152.049,3031191000.0
KHC,Consumer Defensive,33944072192.0,0.34576,0.0535,43.55,3020000000.0
KR,Consumer Defensive,45831331840.0,0.23811,0.24239,229.201,1777000000.0
LHX,Industrials,50416492544.0,0.25738,0.08926,62.776,2151000000.0
LH,Healthcare,21709852672.0,0.28144,0.092609994,77.108,1095900000.0
LRCX,Technology,126146813952.0,0.48056,0.53138,47.148,4255599000.0
LW,Consumer Defensive,8249404928.0,0.22847,0.20264,244.818,230100000.0
LVS,Consumer Cyclical,37090902016.0,0.79363,0.54145,693.252,1624000000.0
LDOS,Technology,20640092160.0,0.17228001,0.30945998,133.333,1243000000.0
LEN,Consumer Cyclical,29938683904.0,0.20584999,0.13258,19.683,2231876000.0
LII,Industrials,22986043392.0,0.33133,1.12944,171.66,782100000.0
LLY,Healthcare,729581092864.0,0.81697,0.77278,243.609,414300000.0
LIN,Basic Materials,222600708096.0,0.48257,0.17013,60.555,4926000000.0
LYV,Communication Services,35479658496.0,0.25536,0.68505996,393.218,1050019000.0
LKQ,Consumer Cyclical,8102156288.0,0.39214,0.11208,90.494,810000000.0
LMT,Industrials,98368135168.0,0.08254,0.73056,405.662,5287000000.0
L,Financial Services,18956607488.0,0.36301997,0.07998,49.606,2393000000.0
LOW,Consumer Cyclical,128895139840.0,0.33365002,,,7698000000.0
LULU,Consumer Cyclical,25958526976.0,0.59339,0.42488998,39.789,1583481000.0
LYB,Basic Materials,20209633280.0,0.10105,0.07437,103.883,1980000000.0
MTB,Financial Services,30390687744.0,0.0,0.094890006,,3394000000.0
MPC,Energy,53701009408.0,0.0867,0.15524,139.332,6132000000.0
MKTX,Financial Services,7787977728.0,0.62065,0.16254,5.259,328672000.0
MAR,Consumer Cyclical,75537776640.0,0.81891996,,,1999000000.0
MMC,Financial Services,101407285248.0,0.44215,0.28408,135.265,3986000000.0
MLM,Basic Materials,34717155328.0,0.29542,0.1187,63.926,604000000.0
MAS,Industrials,14238584832.0,0.36336,11.165561,,907000000.0
MA,Financial Services,516044849152.0,1.0,1.8770399,280.795,13586000000.0
MTCH,Communication Services,8474993152.0,0.71917,,,882141000.0
MKC,Consumer Defensive,19218333696.0,0.38542998,0.14122,79.122,647000000.0
MCD,Consumer Cyclical,213952184320.0,0.56825,,,6672000000.0
MCK,Healthcare,88217198592.0,0.03571,,,5226000000.0
MDT,Healthcare,117837488128.0,0.65392995,0.09508,61.393,5185000000.0
MRK,Healthcare,211077169152.0,0.7707,0.39293,71.992,18096000000.0
META,Communication Services,1804358778880.0,0.81767,0.39835,26.763,54072000000.0
MET,Financial Services,52133003264.0,0.25799,0.15982,172.754,14598000000.0
MTD,Healthcare,26207735808.0,0.60137004,,,864448000.0
MGM,Consumer Cyclical,10494065664.0,0.45415002,0.2582,880.101,1211906000.0
MCHP,Technology,38063276032.0,0.56068003,-7e-05,81.675,772100000.0
MU,Technology,124514328576.0,0.37133998,0.13109,31.948,121000000.0
MSFT,Technology,3809176715264.0,0.69074994,0.3361,32.626,74071000000.0
MAA,Real Estate,17939623936.0,0.59199,0.09368,82.626,775920000.0
MRNA,Healthcare,13114421248.0,-0.82373,-0.29341,7.401,-4055000000.0
MHK,Consumer Cyclical,7502964224.0,0.25296,0.05947,31.685,679500000.0
MOH,Healthcare,8899098624.0,0.11387999,0.23924999,77.406,544000000.0
TAP,Consumer Defensive,10101460992.0,0.39001998,0.07989,49.065,1236200000.0
MDLZ,Consumer Defensive,90093576192.0,0.32736,0.13302,78.051,3523000000.0
MPWR,Technology,35361771520.0,0.55374,0.67946,0.543,642292000.0
MNST,Consumer Defensive,58719563776.0,0.5464,0.20004,3.998,1622099000.0
MCO,Financial Services,91024695296.0,0.7278,0.5302,179.869,2521000000.0
MS,Financial Services,227810869248.0,0.86474997,,416.642,-2100000000.0
MOS,Basic Materials,11559897088.0,0.14471,0.03285,40.476,47400000.0
MSI,Technology,71768875008.0,0.51424,1.86885,393.309,2134000000.0
MSCI,Financial Services,42766708736.0,0.82181,,,1386509000.0
NDAQ,Financial Services,54590857216.0,0.60597,0.13254,81.977,1732000000.0
NTAP,Technology,21421129728.0,0.70192003,1.08509,335.673,1338000000.0
NFLX,Communication Services,499118080000.0,0.48491,0.43548,67.866,6921826000.0
NEM,Basic Materials,72222900224.0,0.55694,0.20285,23.561,2961000000.0
NWSA,Communication Services,17377142784.0,0.51948,0.067150004,32.188,602000000.0
NWS,Communication Services,17487360000.0,0.51948,0.067150004,32.188,602000000.0
NEE,Utilities,146909741056.0,0.61974996,0.07592,152.939,4746000000.0
NKE,Consumer Cyclical,117029552128.0,0.42735,0.23290001,83.41,3268000000.0
NI,Utilities,19425912832.0,0.51035,0.09364,136.355,-861500000.0
NDSN,Industrials,12396922880.0,0.54785,0.15536,78.487,491783000.0
NSC,Industrials,64571674624.0,0.49488,0.24542,122.314,1671000000.0
NTRS,Financial Services,24818216960.0,0.0,0.13585,,-1231500000.0
NOC,Industrials,81416724480.0,0.19328,0.26501,116.903,2621000000.0
NCLH,Consumer Cyclical,10669751296.0,0.40471,0.95873,1045.053,838871000.0
NRG,Utilities,30996154368.0,0.21468,0.44912997,395.715,1816000000.0
NUE,Basic Materials,33348136960.0,0.10524,0.074039996,37.319,806000000.0
NVDA,Technology,4310508240896.0,0.70107,1.15463,12.267,60853000000.0
NVR,Consumer Cyclical,21782632448.0,0.24320999,0.38102,26.758,1345250000.0
NXPI,Technology,57605758976.0,0.557,0.22695999,115.519,1906000000.0
ORLY,Consumer Cyclical,82785107968.0,0.51397,,,2026189000.0
OXY,Energy,44827258880.0,0.64095,0.0949,74.026,4421000000.0
ODFL,Industrials,34724925440.0,0.39749,0.26593,1.416,887965000.0
OMC,Communication Services,14457547776.0,0.18574,0.28959,129.382,1592900000.0
ON,Technology,24513132544.0,0.39853,0.07852,45.383,1212400000.0
OKE,Energy,51101143040.0,0.35621,0.16409001,144.846,2867000000.0
ORCL,Technology,695775264768.0,0.7051,0.82382005,519.586,-394000000.0
OTIS,Industrials,34498551808.0,0.30244,,,1437000000.0
PCAR,Industrials,52831875072.0,0.15719,0.16771,93.267,2895300000.0
PKG,Consumer Cyclical,18372116480.0,0.22172001,,62.289,521500000.0
PLTR,Technology,372582580224.0,0.8001,0.12357,4.432,1141231000.0
PANW,Technology,136360599552.0,0.73561996,0.21162,11.147,3100800000.0
PARA,Communication Services,9203827712.0,0.32584,-0.27754998,91.724,489000000.0
PH,Industrials,94435606528.0,0.36653,0.27146998,69.948,2984217000.0
PAYX,Technology,52689285120.0,0.72353,0.41804,122.209,1709100000.0
PAYC,Technology,13244777472.0,0.85892,0.24987,4.746,336600000.0
PYPL,Financial Services,76071534592.0,0.41397,0.22198999,66.041,6767000000.0
PNR,Industrials,16940630016.0,0.40139,0.17153999,43.655,692300000.0
PEP,Consumer Defensive,193820672000.0,0.54685,0.39859,276.868,7189000000.0
PFE,Healthcare,138211344384.0,0.74424005,0.0862,68.843,9835000000.0
PCG,Utilities,30723567616.0,0.3759,0.08257,193.839,-2334000000.0
PM,Consumer Defensive,245583200256.0,0.66440004,,,10773000000.0
PSX,Energy,52025630720.0,0.09988,,66.317,2332000000.0
PNW,Utilities,10589497344.0,0.41361,0.0919,177.219,-639372000.0
PNC,Financial Services,76421464064.0,0.0,0.11373,,7880000000.0
POOL,Industrials,12086105088.0,0.29455,0.30175,119.571,599710000.0
PPG,Basic Materials,25868341248.0,0.41696,0.1765,111.012,699000000.0
PPL,Utilities,26399117312.0,0.42277,0.07018,121.312,-465000000.0
PFG,Financial Services,18022715392.0,0.43007,0.09733,39.589,4534100000.0
PG,Consumer Defensive,368350658560.0,0.51694,0.30294,64.975,16524000000.0
PGR,Financial Services,141256622080.0,0.1688,0.37293997,21.148,14834000000.0
PLD,Real Estate,99399434240.0,0.76328003,0.06365,60.493,4912209000.0
PRU,Financial Services,36728225792.0,0.25792998,0.07908,148.073,8502000000.0
PEG,Utilities,43382890496.0,0.34208,0.11399999,143.849,-1247000000.0
PTC,Technology,24469391360.0,0.81131,0.13915,46.287,731616000.0
PSA,Real Estate,50171510784.0,0.72893,0.20121,97.458,2708231000.0
PHM,Consumer Cyclical,23048351744.0,0.27813,0.23048,18.024,1562249000.0
PWR,Industrials,61056507904.0,0.1496,0.13731,63.537,1477118000.0
QCOM,Technology,176832905216.0,0.55683,0.42205003,52.737,11161000000.0
DGX,Healthcare,18769491968.0,0.33264,0.1426,86.904,909000000.0
RL,Consumer Cyclical,18276085760.0,0.68553,0.29487,103.075,1018900000.0
RJF,Financial Services,33483999232.0,0.93136,,36.485,1950000000.0
RTX,Industrials,209990647808.0,0.20049,0.10318,67.855,3923000000.0
O,Real Estate,51349131264.0,0.92692,0.02507,69.956,3573276000.0
REG,Real Estate,12790916096.0,0.71088,0.05821,71.062,790198000.0
REGN,Healthcare,60312489984.0,0.48799,0.15961,9.204,3538900000.0
RF,Financial Services,23512199168.0,0.0,0.11568,,1452000000.0
RSG,Industrials,75439898624.0,0.43136,0.18545,115.988,2081000000.0
RMD,Healthcare,40102486016.0,0.59368,0.25811002,15.142,1286404000.0
RVTY,Healthcare,11202364416.0,0.56254,0.03824,43.542,541651000.0
ROK,Industrials,40130277376.0,0.39266998,0.24438,113.537,639100000.0
ROL,Consumer Cyclical,27750486016.0,0.52686,0.36518002,66.985,580081000.0
ROP,Technology,60104114176.0,0.68867993,0.081520006,45.121,2282200000.0
ROST,Consumer Cyclical,46058143744.0,0.32784,0.39566,89.95,1636884000.0
RCL,Consumer Cyclical,95589122048.0,0.4957,0.48519,247.101,1997000000.0
SPGI,Financial Services,162667724800.0,0.69415003,0.11241,31.875,5565000000.0
CRM,Technology,258359001088.0,0.77336997,0.10312,19.813,12434000000.0
SBAC,Real Estate,24363153408.0,0.76794,,,1106717000.0
SLB,Energy,53700120576.0,0.20063,0.19224001,63.579,4473000000.0
STX,Technology,31930169344.0,0.33793998,,,664000000.0
SRE,Utilities,52375769088.0,0.41252998,0.09709,99.694,-3308000000.0
NOW,Technology,204561858560.0,0.78519,0.16951,22.036,3375000000.0
SHW,Basic Materials,83815776256.0,0.48865002,0.62431,308.571,2083200000.0
SPG,Real Estate,62333534208.0,0.8237,0.67307,773.472,3059071000.0
SWKS,Technology,10707200000.0,0.4118,0.06701,20.363,1641600000.0
SJM,Consumer Defensive,11596550144.0,0.38893002,-0.17868,128.427,816600000.0
SW,Consumer Cyclical,25333288960.0,0.19594,0.04226,79.485,17000000.0
SNA,Industrials,17032914944.0,0.51963,0.18558,22.659,1134000000.0
SOLV,Healthcare,12763167744.0,0.54935,0.10657,242.581,805000000.0
SO,Utilities,103747919872.0,0.49686,0.12244,188.378,833000000.0
LUV,Industrials,17079113728.0,0.21429001,0.04246,66.763,-1618000000.0
SWK,Industrials,11437931520.0,0.29995,0.04032,81.597,753000000.0
SBUX,Consumer Cyclical,107298988032.0,0.25030002,,,3318100000.0
STT,Financial Services,32111443968.0,0.0,0.109469995,,-14136000000.0
STLD,Basic Materials,19332423680.0,0.12549,0.11686,42.752,-23503000.0
STE,Healthcare,22283982848.0,0.44307998,0.09458999,33.292,777996000.0
SYK,Healthcare,153129697280.0,0.64699996,0.14259,82.924,3487000000.0
SMCI,Technology,35838918656.0,0.11274,0.20062,41.506,-2610251000.0
SYF,Financial Services,27111866368.0,0.0,0.20233,,9848000000.0
SNPS,Technology,109662625792.0,0.81412005,0.15551,108.337,1283868000.0
SYY,Consumer Defensive,38949822464.0,0.18346001,0.93613,751.105,2157000000.0
TMUS,Communication Services,268063801344.0,0.63676,0.19743,194.218,9982000000.0
TROW,Financial Services,23353495552.0,0.52366,0.18447,4.48,1262200000.0
TTWO,Communication Services,41350754304.0,0.58164,-1.1476101,192.071,-214600000.0
TPR,Consumer Cyclical,22933129216.0,0.75088,0.40273,274.983,1146700000.0
TRGP,Energy,36297064448.0,0.34418,0.41976002,630.027,683900000.0
TGT,Consumer Defensive,48358174720.0,0.28070998,0.29076,130.213,4476000000.0
TEL,Technology,61931143168.0,0.34992,0.11512,48.355,2797000000.0
TDY,Technology,26098757632.0,0.42751998,0.08732,25.208,1108200000.0
TER,Technology,14620679168.0,0.59365004,0.21551001,2.458,474081000.0
TSLA,Consumer Cyclical,1050174226432.0,0.1748,0.08177,16.823,3581000000.0
TXN,Technology,172028248064.0,0.58027,0.29990998,85.612,1498000000.0
TPL,Energy,22511306752.0,0.93536,0.39523998,,65399000.0
TXT,Industrials,13999783936.0,0.17771,0.114250004,54.985,650000000.0
TMO,Healthcare,183069491200.0,0.41185,0.13418001,69.62,7267000000.0
TJX,Consumer Cyclical,139887591424.0,0.30482998,0.60356,153.616,4198000000.0
TKO,Communication Services,13957569536.0,0.69767,0.043169998,30.107,508461000.0
TTD,Communication Services,43250302976.0,0.80105,0.16878,12.33,632394000.0
TSCO,Consumer Cyclical,31456919552.0,0.36409,0.45345002,223.159,636788000.0
TT,Industrials,105384927232.0,0.35931,0.38632,63.469,2775000000.0
TDG,Industrials,90226270208.0,0.59764,,,1880000000.0
TRV,Financial Services,57388908544.0,0.26832,0.19294001,27.217,9074000000.0
TRMB,Technology,20296597504.0,0.68554,0.30996,25.668,497800000.0
TFC,Financial Services,58140848128.0,0.0,0.08128,,2164000000.0
TYL,Technology,23996504064.0,0.44699,0.08871,18.222,574697000.0
TSN,Consumer Defensive,19040706560.0,0.07871,0.051149998,48.934,1458000000.0
USB,Financial Services,71809597440.0,0.0,0.11667,,11273000000.0
UBER,Technology,189460004864.0,0.33594,0.69382006,48.566,6895000000.0
UDR,Real Estate,15042141184.0,0.66486,0.02848,136.541,605161000.0
ULTA,Consumer Cyclical,23338903552.0,0.42713,0.50435,81.274,964147000.0
UNP,Industrials,135949402112.0,0.55889,0.42355,208.857,5894000000.0
UAL,Industrials,29922549760.0,0.34657001,0.27708,245.166,3830000000.0
UPS,Industrials,86017744896.0,0.21378,0.35908002,163.185,6213000000.0
URI,Industrials,57872338944.0,0.39514,0.29302,159.989,419000000.0
UNH,Healthcare,255922323456.0,0.21989,0.22700001,77.277,20705000000.0
UHS,Healthcare,9985039360.0,0.42712003,0.18473,73.981,1123291000.0
VLO,Energy,44966875136.0,0.05076,0.02757,39.511,5776000000.0
VTR,Real Estate,29443258368.0,0.42178002,0.01381,108.897,725779000.0
VLTO,Industrials,25554468864.0,0.59916997,0.46036,121.871,820000000.0
VRSN,Technology,28578533376.0,0.8788,,,874500000.0
VRSK,Industrials,41186045952.0,0.69151,4.68222,3178.837,920100000.0
VZ,Communication Services,178603311104.0,0.59485,0.18454,167.386,18922000000.0
VRTX,Healthcare,118339756032.0,0.53091,-0.05644,9.997,-978000000.0
VTRS,Healthcare,10868277248.0,0.40688,-0.21254,92.384,1943800000.0
VICI,Real Estate,34332510208.0,0.992,0.1012,65.738,2373972000.0
V,Financial Services,694410674176.0,0.9777,0.50655,54.594,18693000000.0
VST,Utilities,66468352000.0,0.41307998,0.41676,366.143,2485000000.0
VMC,Basic Materials,35682611200.0,0.27443,0.120749995,67.823,806100000.0
WRB,Financial Services,25798178816.0,0.4354,,34.344,3572745000.0
GWW,Industrials,50362855424.0,0.39445,0.5416,69.639,1570000000.0
WAB,Industrials,33679448064.0,0.33573002,0.109060004,47.091,1627000000.0
WBA,Healthcare,10066475008.0,0.17126,-0.69577,409.878,-363000000.0
WMT,Consumer Defensive,778968825856.0,0.24882,0.21783,75.78,12660000000.0
DIS,Communication Services,216395169792.0,0.37096,0.08894,39.432,8559000000.0
WBD,Communication Services,33894758400.0,0.43297002,-0.27281,106.412,4427000000.0
WM,Industrials,91708784640.0,0.39403,0.34013999,275.54,2159000000.0
WAT,Healthcare,17993170944.0,0.59266996,0.40822,78.582,619642000.0
WEC,Utilities,34306906112.0,0.43501,0.12579,153.016,430700000.0
WFC,Financial Services,271541698560.0,0.0,0.114980005,,3035000000.0
WELL,Real Estate,103514054656.0,0.39180002,0.0348,49.196,2198306000.0
WST,Healthcare,18534825984.0,0.35271,0.17716,10.522,276400000.0
WDC,Technology,24067350528.0,0.28561002,0.13558,,-781000000.0
WY,Real Estate,18681090048.0,0.17254,0.02851,54.504,592000000.0
WSM,Consumer Cyclical,23151912960.0,0.4566,0.50154996,63.334,1138655000.0
WMB,Energy,70220283904.0,0.59939,0.16197,184.4,2296000000.0
WTW,Financial Services,30671990784.0,0.44762,-0.00484,72.169,1267000000.0
WDAY,Technology,63460511744.0,0.75655,0.05702,38.042,2189000000.0
WYNN,Consumer Cyclical,11633723392.0,0.68531,,,1003659000.0
XEL,Utilities,41030778880.0,0.44152,0.102589995,163.558,-2723000000.0
XYL,Industrials,32185602048.0,0.37544,0.08505,19.323,942000000.0
YUM,Consumer Cyclical,40107565056.0,0.46795,,,1432000000.0
ZBRA,Technology,17020426240.0,0.48788,0.16159001,65.113,954000000.0
ZBH,Healthcare,19300042752.0,0.71199995,0.07318,59.058,1142600000.0
ZTS,Healthcare,67115106304.0,0.70956004,0.52085996,145.628,2298000000.0
